{
  "general": {
    "screenOrientation": {
      "iphone": null,
      "ipad": null,
      "androidPhone": null,
      "androidTablet": null
    },
    "userAgentRegexes": [],
    "replaceStrings": [],
    "nativeBridgeUrls": [],
    "languages": [],
    "userAgentAdd": "",
    "enableWindowOpen": true,
    "forceUserAgent": "",
    "publicKey": "pdawmq",
    "deviceRegKey": "7q13cmaz29g0bq1vex4zdg9g4m",
    "appName": "Human-unofficial",
    "initialUrl": "https://lms.human.ua/app/home",
    "iosBundleId": "io.gonative.ios.pdawmq",
    "androidPackageName": "io.gonative.android.pdawmq",
    "iosUserAgentAdd": "gonative",
    "androidUserAgentAdd": "gonative",
    "androidForceUserAgent": "",
    "iosForceUserAgent": "",
    "iosCustomHeaders": {},
    "androidCustomHeaders": {},
    "version": 24
  },
  "navigation": {
    "tabNavigation": {
      "tabSelectionConfig": [],
      "tabMenus": [],
      "active": false
    },
    "sidebarNavigation": {
      "menuSelectionConfig": {
        "redirectLocations": [
          {
            "regex": ".*",
            "menuName": "default",
            "loggedIn": true
          }
        ]
      },
      "menus": [
        {
          "active": false,
          "items": [],
          "name": "default"
        }
      ]
    },
    "regexInternalExternal": {
      "rules": [
        {
          "internal": false,
          "label": "Non-web links",
          "regex": "^(?!https?://).*"
        },
        {
          "internal": false,
          "label": "Facebook",
          "regex": "https?://([-\\w]+\\.)*facebook\\.com.*"
        },
        {
          "internal": false,
          "label": "Twitter",
          "regex": "https?://([-\\w]+\\.)*twitter\\.com/.*"
        },
        {
          "internal": false,
          "label": "Instagram",
          "regex": "https?://([-\\w]+\\.)*instagram\\.com/.*"
        },
        {
          "internal": false,
          "label": "Google Maps",
          "regex": "https?://maps\\.google\\.com.*"
        },
        {
          "internal": false,
          "label": "Google Maps Search",
          "regex": "https?://([-\\w]+\\.)*google\\.com/maps/search/.*"
        },
        {
          "internal": false,
          "label": "LinkedIn",
          "regex": "https?://([-\\w]+\\.)*linkedin\\.com/.*"
        },
        {
          "internal": true,
          "label": "All Other Links",
          "regex": ".*"
        }
      ],
      "active": true
    },
    "androidPullToRefresh": false,
    "iosPullToRefresh": true,
    "navigationTitles": {
      "titles": [],
      "active": true
    },
    "ignorePageFinishedRegexes": [],
    "actionConfig": {
      "actions": [],
      "actionSelection": [],
      "active": true
    },
    "androidShowRefreshButton": false,
    "iosShowRefreshButton": false,
    "deepLinkDomains": {
      "domains": [],
      "enableAndroidApplinks": false
    },
    "navigationLevels": {
      "levels": [],
      "active": true
    },
    "toolbarNavigation": {
      "enabled": true,
      "visibilityByPages": "allPages",
      "visibilityByBackButton": "backButtonActive",
      "regexes": [
        {
          "enabled": true,
          "regex": ".*"
        }
      ],
      "items": [
        {
          "system": "back",
          "titleType": "defaultText",
          "visibility": "allPages",
          "urlRegex": [
            {
              "enabled": true,
              "regex": ".*"
            }
          ]
        },
        {
          "system": "refresh",
          "enabled": false,
          "visibility": "allPages",
          "urlRegex": [
            {
              "enabled": true,
              "regex": ".*"
            }
          ]
        },
        {
          "system": "forward",
          "enabled": false,
          "titleType": "defaultText",
          "visibility": "allPages",
          "urlRegex": [
            {
              "enabled": true,
              "regex": ".*"
            }
          ]
        }
      ],
      "v2": true
    },
    "redirects": [],
    "iosShowOfflinePage": true,
    "iosConnectionOfflineTime": 10,
    "androidShowOfflinePage": true,
    "androidConnectionOfflineTime": 10,
    "maxWindows": {
      "enabled": false,
      "numWindows": 5,
      "autoClose": false
    },
    "iosOfflinePageHtml": "",
    "androidOfflinePageHtml": "",
    "offlinePageHtml": "",
    "iosSettings": {}
  },
  "styling": {
    "iosLaunchScreen": {
      "backgroundColor": "#FFFFFF",
      "backgroundColorDark": "#000000",
      "backgroundImage": "https://s3.amazonaws.com/gonativeio/images_generated/1692923993466_68xnzcrtr0p0r_FFFFFF_1_2x2.png",
      "backgroundImageDark": "https://s3.amazonaws.com/gonativeio/images_generated/1692923993485_7ez67qbced99y_000000_1_2x2.png",
      "centerImageDark": "https://s3.amazonaws.com/gonativeio/images_generated/61mya2c0fkm3j_1692923951527.png",
      "centerImage": "https://s3.amazonaws.com/gonativeio/images_generated/61mya2c0fkm3j_1692923951527.png"
    },
    "androidLaunchImages": {
      "mdpi": "https://s3.amazonaws.com/gonativeio/images_generated/1692924086429_fvyb9utcjetmg_180x180.9.png",
      "hdpi": "https://s3.amazonaws.com/gonativeio/images_generated/1692924086450_66vkpfufun56u_270x270.9.png",
      "xhdpi": "https://s3.amazonaws.com/gonativeio/images_generated/1692924086469_ayvctb6n4pbz6_360x360.9.png",
      "xxhdpi": "https://s3.amazonaws.com/gonativeio/images_generated/1692924086497_gcmvxhahrkwxj_540x540.9.png",
      "xxxhdpi": "https://s3.amazonaws.com/gonativeio/images_generated/1692924086539_zc9dx03uzx73r_720x720.9.png"
    },
    "androidLaunchImagesDark": {
      "mdpi": "https://s3.amazonaws.com/gonativeio/images_generated/1692924086608_73w63y2rq1waj_180x180.9.png",
      "hdpi": "https://s3.amazonaws.com/gonativeio/images_generated/1692924086656_7hhzkn3rpf8kp_270x270.9.png",
      "xhdpi": "https://s3.amazonaws.com/gonativeio/images_generated/1692924086724_ahrwa1ut96pxy_360x360.9.png",
      "xxhdpi": "https://s3.amazonaws.com/gonativeio/images_generated/1692924086806_xddwyvujqnr7e_540x540.9.png",
      "xxxhdpi": "https://s3.amazonaws.com/gonativeio/images_generated/1692924086833_5yjgy4p8q5yja_720x720.9.png"
    },
    "transitionInteractiveDelayMax": 0.2,
    "menuAnimationDuration": 0.15,
    "androidShowSplash": true,
    "disableAnimations": false,
    "hideWebviewAlpha": 0.5,
    "iosDarkMode": "auto",
    "iosTitleColor": "#333333",
    "iosTitleColorDark": "#adc5dc",
    "iosTintColor": "#007aff",
    "iosTintColorDark": "#adc5dc",
    "iosSidebarTextColor": "#333333",
    "iosSidebarTextColorDark": "#adc5dc",
    "iosStatusBarBackgroundColor": "#ffffffff",
    "iosStatusBarBackgroundColorDark": "#000000",
    "iosEnableBlurInStatusBar": false,
    "iosSidebarBackgroundColor": "#f8f8f8",
    "iosSidebarBackgroundColorDark": "#333333",
    "iosNavigationBarTintColor": "#f8f8f8",
    "iosNavigationBarTintColorDark": "#333333",
    "iosTabBarTintColor": "#f8f8f8",
    "iosTabBarTintColorDark": "#333333",
    "icon": "https://s3.amazonaws.com/gonativeio/images_generated/61mya2c0fkm3j_1692923951527.png",
    "iosHeaderImage": "https://s3.amazonaws.com/gonativeio/images_generated/61mya2c0fkm3j_1692923951527.png",
    "showActionBar": false,
    "showNavigationBar": false,
    "iosSidebarFont": "Default",
    "androidHideTitleInActionBar": false,
    "navigationTitleImage": false,
    "iosTheme": "default",
    "androidTheme": "auto",
    "androidBackgroundColor": "#FFFFFF",
    "androidSidebarBackgroundColor": "#FFFFFF",
    "androidSidebarForegroundColor": "#1E496E",
    "androidActionBarBackgroundColor": "#FFFFFF",
    "androidActionBarForegroundColor": "#1E496E",
    "androidPullToRefreshColor": "#1E496E",
    "androidAccentColor": "#009688",
    "androidSidebarSeparatorColor": "#CCCCCC",
    "androidSidebarHighlightColor": "#1E496E",
    "androidTabBarBackgroundColor": "#FFFFFF",
    "androidTabBarTextColor": "#949494",
    "androidTabBarIndicatorColor": "#1E496E",
    "androidTabPressedBackgroundColor": "#CCCCCC",
    "androidStatusBarBackgroundColor": "#5C5C5C",
    "androidShowLogoInSideBar": true,
    "androidShowAppNameInSideBar": true,
    "androidSwipeNavigationBackgroundColor": "#FFFFFF",
    "androidSwipeNavigationActiveColor": "#000000",
    "androidSwipeNavigationInactiveColor": "#666666",
    "androidActionBarBackgroundColorDark": "#333333",
    "androidStatusBarBackgroundColorDark": "#333333",
    "androidActionBarForegroundColorDark": "#FFFFFF",
    "androidAccentColorDark": "#80cbc4",
    "androidBackgroundColorDark": "#333333",
    "androidSidebarForegroundColorDark": "#FFFFFF",
    "androidSidebarBackgroundColorDark": "#333333",
    "androidSidebarSeparatorColorDark": "#666666",
    "androidSidebarHighlightColorDark": "#FFFFFF",
    "androidPullToRefreshColorDark": "#FFFFFF",
    "androidTabBarTextColorDark": "#FFFFFF",
    "androidTabBarBackgroundColorDark": "#333333",
    "androidTabBarIndicatorColorDark": "#666666",
    "androidTabPressedBackgroundColorDark": "#999999",
    "androidSwipeNavigationBackgroundColorDark": "#333333",
    "androidSwipeNavigationActiveColorDark": "#FFFFFF",
    "androidSwipeNavigationInactiveColorDark": "#666666",
    "androidSplashBackgroundColor": "#FFFFFF",
    "androidSplashBackgroundColorDark": "#000000",
    "androidWebviewTextZoom": null,
    "androidIcon": "https://gonativeio.s3.amazonaws.com/uploads/we3j9n3eurk3e_1692924019104.png",
    "iosIcon": "https://s3.amazonaws.com/gonativeio/images_generated/61mya2c0fkm3j_1692923951527.png",
    "iosStatusBarStyle": "auto",
    "iosEnableOverlayInStatusBar": false,
    "androidStatusBarStyle": "auto",
    "androidEnableOverlayInStatusBar": false,
    "navigationTitleImageLocation": "assets/defaults/logo1_white_padded.png",
    "navigationTitleImageLocationDark": "assets/defaults/logo1_white_padded.png",
    "androidHeaderImage": "assets/defaults/logo1_white_padded.png",
    "androidHeaderImageDark": "assets/defaults/logo1_white_padded.png",
    "iosHeaderImageDark": "https://s3.amazonaws.com/gonativeio/images_generated/61mya2c0fkm3j_1692923951527.png"
  },
  "permissions": {
    "usesGeolocation": true,
    "androidDownloadToPublicStorage": false,
    "enableWebRTC": false,
    "iosLocationUsageDescription": "",
    "iosCameraUsageDescription": "",
    "enableWebRTCamera": false,
    "enableWebRTCMicrophone": false,
    "iOSATTUserTrackingDescription": "",
    "iOSRequestATTConsentOnLoad": false
  },
  "developmentTools": {
    "enableWebConsoleLogs": false
  },
  "services": {
    "oneSignal": {
      "active": false
    }
  }
}